,Close,Volume
2019-01-01,52.483570765056164,11091985
2019-01-02,49.75115187099234,19029773
2019-01-03,54.12336259644414,30464339
2019-01-04,58.94246202405481,46275089
2019-01-07,50.59885817117734,2490687
2019-01-08,51.04114519673538,47625033
2019-01-09,60.54996480678683,43866200
2019-01-10,56.93298412349942,33318232
2019-01-11,51.19016050184815,46545724
2019-01-14,56.6918400305703,12336501
2019-01-15,52.10321739897852,6272864
2019-01-16,52.53265507923758,4788963
2019-01-17,56.51181841187411,12540237
2019-01-18,46.17598757725154,33799055
2019-01-21,47.55783327050094,6185773
2019-01-22,53.81064368423158,13728700
2019-01-23,51.997183304595715,22609907
2019-01-24,59.07140527442244,12021186
2019-01-25,53.39842355898591,35523048
2019-01-28,51.314919907846836,25691736
2019-01-29,66.14206946732031,44193996
2019-01-30,58.12179768330819,36044468
2019-01-31,60.024613801187016,25362375
2019-02-01,52.998939193806784,41733588
2019-02-04,57.83586138507965,44752417
2019-02-05,61.546844212253646,27231747
2019-02-06,55.67105490252851,44663896
2019-02-07,63.73761363574222,43907203
2019-02-08,59.288314099882854,8904428
2019-02-11,61.264680146275985,12401147
2019-02-12,60.1454886783452,48668235
2019-02-13,72.84549123432127,46624927
2019-02-14,63.94587279171774,3322523
2019-02-15,59.15321728506502,27379085
2019-02-18,68.982038373591,5746771
2019-02-19,59.191740854130344,9640145
2019-02-20,66.76600039974971,34065406
2019-02-21,56.34810786366843,1864645
2019-02-22,59.92933183025754,2428127
2019-02-25,67.97737426516892,9859690
2019-02-26,71.10718439495761,44864317
2019-02-27,68.69242878182969,38809281
2019-02-28,67.67700948751904,42129019
2019-03-01,67.16829885830103,24292566
2019-03-04,61.69865210681312,49962002
2019-03-05,65.90833950127404,9336900
2019-03-06,67.61949451826715,19392993
2019-03-07,75.62223237094197,29670729
2019-03-08,72.46742639414818,38067096
2019-03-11,62.3456046315618,49484993
2019-03-12,73.19142850442049,1973181
2019-03-13,70.05450944050993,46059850
2019-03-14,69.00290823125037,19268849
2019-03-15,75.85215866328748,47839036
2019-03-18,78.35367192934437,44476894
2019-03-19,78.25858676354417,33363575
2019-03-20,69.8082019267479,3061774
2019-03-21,72.8588994635854,37344790
2019-03-22,76.46049575915127,21637778
2019-03-25,80.07964412565669,7976610
2019-03-26,73.20228712385621,7210715
2019-03-27,75.06458063374102,28488445
2019-03-28,70.8543728191613,32335282
2019-03-29,70.79661943977008,26303302
2019-04-01,81.23029711822423,21020303
2019-04-02,84.33727219413717,18686927
2019-04-03,77.58279226085932,38266016
2019-04-04,83.34562327331815,41467715
2019-04-05,80.51957840066908,36174147
2019-04-08,75.86754120499504,44570727
2019-04-09,81.28014071137889,7314768
2019-04-10,87.5416281770568,26101670
2019-04-11,80.04883687858145,9815995
2019-04-12,88.42592542809219,41280883
2019-04-15,67.87691949138039,9064220
2019-04-16,85.45627279422352,19321829
2019-04-17,82.15126805082268,19074854
2019-04-18,80.58840552154521,24912113
2019-04-19,82.90777297094463,25525886
2019-04-22,72.8747488778418,47573028
2019-04-23,82.0759363971361,31590972
2019-04-24,85.31961975545786,46038050
2019-04-25,91.28132769276488,37010502
2019-04-26,81.65632747397933,43432666
2019-04-29,80.5590333716812,34843291
2019-04-30,82.44452209848427,22526982
2019-05-01,89.88008851689084,16805013
2019-05-02,87.29455053163329,46944452
2019-05-03,83.34763941440978,48378941
2019-05-06,88.90633358803605,43537345
2019-05-07,87.1668330361482,38811773
2019-05-08,91.86399452080794,16321333
2019-05-09,83.84768652067531,40031525
2019-05-10,86.05466475246897,43147406
2019-05-13,86.06528241945685,18279636
2019-05-14,81.03890368122752,45194441
2019-05-15,90.16552611754587,40083478
2019-05-16,90.31642221861182,10426807
2019-05-17,89.36069302980484,18438118
2019-05-20,88.48391288836069,42116548
2019-05-21,82.89944493937323,48246348
2019-05-22,88.19023399297356,27535897
2019-05-23,88.8947466336613,30319409
2019-05-24,86.90947313544001,19463212
2019-05-27,90.4246380629652,31596308
2019-05-28,93.55918035501544,49774836
2019-05-29,101.27535298997239,21023633
2019-05-30,93.02043379716959,10091044
2019-05-31,93.73602786527982,28709612
2019-06-03,92.37437375646557,49890527
2019-06-04,83.44865746604569,15942371
2019-06-05,93.20342391927207,2551330
2019-06-06,93.92818063576094,1971248
2019-06-07,106.23182018932489,5657851
2019-06-10,93.23991603898945,24472522
2019-06-11,95.99308767883302,6378750
2019-06-12,94.5929289947164,3607411
2019-06-13,89.20172943810337,2693439
2019-06-14,101.03534875632862,19608310
2019-06-17,99.3544867807679,37991604
2019-06-18,99.82102899837092,17604953
2019-06-19,91.5874294192738,10447933
2019-06-20,103.41427477114972,41474307
2019-06-21,89.65441306554288,23700577
2019-06-24,99.85873743683179,40096943
2019-06-25,108.1349221357183,13807931
2019-06-26,92.48555313625481,48612497
2019-06-27,94.85972609299941,32216359
2019-06-28,98.43983151933978,4815144
2019-07-01,95.67192734322417,21213468
2019-07-02,90.68108158277563,17541107
2019-07-03,99.01966042318135,1817052
2019-07-04,93.60511920641078,28151781
2019-07-05,101.52172954357694,8596585
2019-07-08,94.79110544595451,17177172
2019-07-09,107.36967995018043,14302313
2019-07-10,95.93283757120147,7269324
2019-07-11,98.46520032740538,35982512
2019-07-12,104.36679885655424,10490536
2019-07-15,94.36589050313825,37075711
2019-07-16,101.87579924812566,25281104
2019-07-17,107.4897829822128,11488951
2019-07-18,93.12949904369151,13485000
2019-07-19,102.30020136189528,23897064
2019-07-22,102.8838284707371,3726016
2019-07-23,105.69817185059131,1442939
2019-07-24,95.80620273029935,21060188
2019-07-25,95.58782330670073,37266225
2019-07-26,104.99621133102232,31822201
2019-07-29,104.06506704789751,14135871
2019-07-30,104.02348742085721,48833019
2019-07-31,104.6913795296128,36873556
2019-08-01,99.74436278654133,48575798
2019-08-02,104.48833242255232,14331233
2019-08-05,104.97223076353963,49743175
2019-08-06,100.11214023070407,20296186
2019-08-07,113.18702106710124,36281840
2019-08-08,106.39878463445037,20578958
2019-08-09,98.2417927097249,18832891
2019-08-12,107.6469856297428,12952983
2019-08-13,99.6539326873452,33038060
2019-08-14,108.62310266479463,41991186
2019-08-15,110.6382106576522,14137311
2019-08-16,100.89658840824144,17751531
2019-08-19,109.96886187509443,25795222
2019-08-20,107.3650812132802,36874916
2019-08-21,109.55788723722726,5105223
2019-08-22,115.07517636487407,45766028
2019-08-23,104.50511194701214,30084871
2019-08-26,102.10143000565,29634616
2019-08-27,101.55781562705351,12963776
2019-08-28,102.05883362607008,42164396
2019-08-29,105.88209604629472,23572466
2019-08-30,108.10030847340721,38609879
2019-09-02,107.90217351991824,19557968
2019-09-03,110.77603632240006,15501508
2019-09-04,106.82376268986704,37847763
2019-09-05,114.14229259512554,14457684
2019-09-06,105.66444633061309,41808249
2019-09-09,120.69892766519293,38889950
2019-09-10,110.33401694989516,31981347
2019-09-11,103.02474210226137,26568906
2019-09-12,102.05817286808511,9589747
2019-09-13,109.92436347060305,39777230
2019-09-16,106.49131908127943,21681938
2019-09-17,111.27253793892986,22992838
2019-09-18,110.15990242189912,12135474
2019-09-19,107.51803071220769,48637042
2019-09-20,103.73395583580556,10596394
2019-09-23,100.47673190770382,26258425
2019-09-24,105.8987378615046,20952900
2019-09-25,112.49095895192482,12772676
2019-09-26,109.35440085924695,18406301
2019-09-27,102.12752748457115,11348533
2019-09-30,109.29174485828491,27683911
2019-10-01,110.4193833680408,11401929
2019-10-02,104.1378109436037,23849061
2019-10-03,109.38737899629355,20295854
2019-10-04,108.96881460514997,18380319
2019-10-07,103.0193080371362,36544400
2019-10-08,110.5768648151834,6303943
2019-10-09,111.643008356301,16453951
2019-10-10,114.3028983677559,40051623
2019-10-11,114.20261728998555,32099208
2019-10-14,102.08864349324818,30805505
2019-10-15,104.32867707649396,48675854
2019-10-16,111.63122964827875,12004849
2019-10-17,111.6606838872325,45786626
2019-10-18,111.70015409687886,24250723
2019-10-21,128.4192065273274,25214909
2019-10-22,112.03811831081887,47013251
2019-10-23,114.88710554843603,39692429
2019-10-24,114.00240452698684,30009512
2019-10-25,112.50998919631088,15084264
2019-10-28,107.69485514199519,29782808
2019-10-29,113.08175964438327,41824950
2019-10-30,105.43605618150947,46961405
2019-10-31,108.12692747951047,23289150
2019-11-01,106.89262381669225,42727753
2019-11-04,109.73482954037146,8899284
2019-11-05,120.90237889397442,2003171
2019-11-06,99.9940111509288,24992154
2019-11-07,112.76052708237026,49190951
2019-11-08,101.26218810105995,20677953
2019-11-11,106.96031632906576,35924917
2019-11-12,114.75661849961264,8045900
2019-11-13,109.62285211933575,19458292
2019-11-14,103.90002650608069,23089615
2019-11-15,105.69725750704114,31600479
2019-11-18,112.65453337539189,1981883
2019-11-19,105.5852388129011,2668321
2019-11-20,110.29766707531947,14296138
2019-11-21,109.41932655641587,44561742
2019-11-22,105.90736638546552,7154512
2019-11-25,119.85681354098317,27665895
2019-11-26,112.2762542502857,21536721
2019-11-27,98.94837039292977,26192630
2019-11-28,109.97165449938389,6418952
2019-11-29,105.6936430787282,5264423
2019-12-02,113.2258450928988,44816762
2019-12-03,104.96010613805744,14816653
2019-12-04,108.30600547717061,9181883
2019-12-05,111.35956661540524,16309784
2019-12-06,113.11633183681167,32927921
2019-12-09,102.73700120064959,24948053
2019-12-10,107.01492495182322,36074035
2019-12-11,106.25969197990537,28134365
2019-12-12,105.31281845362189,28670483
2019-12-13,117.34985992157443,18640619
2019-12-16,110.48871892683884,43822943
2019-12-17,102.09872950237376,23272887
2019-12-18,112.92993503829614,35533268
2019-12-19,118.8870394938248,21000738
2019-12-20,113.37239541496807,15804511
2019-12-23,100.545227673809,19994397
2019-12-24,105.65113387610121,9568438
2019-12-25,114.33532579173313,19333734
2019-12-26,104.3891484781476,12872752
2019-12-27,110.07159971064057,37213515
2019-12-30,111.64898181174091,10625105
2019-12-31,103.06279173786444,48548564
2020-01-01,107.31979496422558,22654924
2020-01-02,91.32942946541708,10935869
2020-01-03,102.33056097926885,32845012
2020-01-06,106.10480202425019,42434749
2020-01-07,101.04230316551805,42835879
2020-01-08,115.35530685728074,47979309
2020-01-09,99.95305209103928,47482054
2020-01-10,104.81254512570372,38450390
2020-01-13,107.5740016525848,30992671
2020-01-14,114.03274187776222,24853258
2020-01-15,99.55170976789421,33469247
2020-01-16,112.4500758997253,14689493
2020-01-17,106.58727381252463,2265898
2020-01-20,101.52905473214163,16918424
2020-01-21,108.64626643476676,36674971
2020-01-22,107.22888382243043,40501580
2020-01-23,103.12904617595572,37785617
2020-01-24,106.37441899088786,29899868
2020-01-27,103.99287534142816,32052238
2020-01-28,106.37984565146955,23700314
2020-01-29,109.01453293425772,45609118
2020-01-30,113.52441362403958,18262030
2020-01-31,99.29455579303348,26137138
2020-02-03,116.0369821899195,44169174
2020-02-04,95.49846126170291,31779669
2020-02-05,104.38598736949588,48189674
2020-02-06,107.97146393419709,36154340
2020-02-07,106.31877969563345,39864224
2020-02-10,101.68326763243059,36908279
2020-02-11,103.63812638766348,12018754
2020-02-12,102.09475811167287,3892478
2020-02-13,101.49304217559325,11831890
2020-02-14,108.56708302844658,48005718
2020-02-17,105.98248542498725,6949852
2020-02-18,100.61034988148559,1029725
2020-02-19,108.44956712892838,49495982
2020-02-20,105.36394097815301,10184536
2020-02-21,107.76686108845695,48766655
2020-02-24,106.72505916467487,17413806
2020-02-25,99.30558761233027,20748999
2020-02-26,100.52261440627775,37217193
2020-02-27,106.93227984313782,48963321
2020-02-28,106.11931672811501,41078991
2020-03-02,102.83399855025793,32512427
2020-03-03,103.39559831087374,34121540
2020-03-04,109.06718077650129,28705858
2020-03-05,99.59036061144843,32932864
2020-03-06,105.15255844980413,24313511
2020-03-09,101.27448142289622,28719138
2020-03-10,101.06495743000902,47683359
2020-03-11,107.51473859650737,21686655
2020-03-12,106.01502565039888,14726569
2020-03-13,105.82220691919402,6627745
2020-03-16,108.14841949472357,4911146
2020-03-17,101.5920899264183,36261449
2020-03-18,104.76258605693896,35243988
2020-03-19,99.66696983335417,12245869
2020-03-20,102.70437646390377,29391654
2020-03-23,100.29785594209278,25065754
2020-03-24,101.29838975666745,3253722
2020-03-25,103.6538727773775,2649729
2020-03-26,96.45152776359596,2116271
2020-03-27,110.86900372166897,11916876
2020-03-30,95.24133606592683,32978888
2020-03-31,94.06478184665194,32574515
2020-04-01,105.79055436750032,37653987
2020-04-02,103.82258855922409,23461013
2020-04-03,102.84917611183543,19458857
2020-04-06,102.73466020307973,48204953
2020-04-07,99.3961349560021,18443381
2020-04-08,94.83564049237789,20565579
2020-04-09,99.56561285926476,49785616
2020-04-10,95.66562022850823,48380429
2020-04-13,103.7920539656272,22253537
2020-04-14,98.04640947616784,38264820
2020-04-15,94.5196928155733,37789624
2020-04-16,96.90600007348053,28933715
2020-04-17,100.4436318124262,27906511
2020-04-20,95.42671849678928,36489522
2020-04-21,94.00095411670908,38491702
2020-04-22,99.19758172088814,7739013
2020-04-23,99.07146940939847,8089975
2020-04-24,95.17983943807866,9805586
2020-04-27,95.22773692795444,39373507
2020-04-28,98.61203213116057,45564078
2020-04-29,90.08072199495422,48719804
2020-04-30,90.15371973378741,12768963
2020-05-01,93.46927237365915,15263315
2020-05-04,95.86529884049308,49085527
2020-05-05,98.35872601046849,4868452
2020-05-06,104.05326147748515,30171429
2020-05-07,100.83773544906947,28366868
2020-05-08,95.62339239512606,9074037
2020-05-11,96.2023684662244,35867175
2020-05-12,91.15990980304097,28906918
2020-05-13,95.95586656827592,14822356
2020-05-14,94.48180894761046,44870245
2020-05-15,97.41618480652842,46677485
2020-05-18,91.54477273889694,41562875
2020-05-19,98.15686661089154,44281526
2020-05-20,103.10393178004584,44420892
2020-05-21,94.77746161826583,8303693
2020-05-22,97.21179337896115,20992066
2020-05-25,98.53689960159728,11108631
2020-05-26,92.96401973879661,45613348
2020-05-27,95.97554956437827,8983439
2020-05-28,94.80406174459354,29727993
2020-05-29,95.11656517610598,26464695
2020-06-01,90.65131779355497,42822973
2020-06-02,94.52822132798188,10546263
2020-06-03,96.78611189457473,20726497
2020-06-04,101.44345911376189,25133277
2020-06-05,98.87691080468906,35849361
2020-06-08,104.74050372162002,37059026
2020-06-09,90.03313162381006,19020510
2020-06-10,98.12801783904031,32386811
2020-06-11,94.58096096524135,42266066
2020-06-12,104.51241667870697,36969234
2020-06-15,89.42240006579753,34997463
2020-06-16,89.1671336501456,27256492
2020-06-17,90.27201624898849,16663645
2020-06-18,82.55414594601933,20567589
2020-06-19,90.45092612544185,29849268
2020-06-22,89.19156913304285,32632286
2020-06-23,93.64820995153859,8061183
2020-06-24,94.51552954126323,21064274
2020-06-25,102.09963512073712,12592111
2020-06-26,97.38447640971427,30324003
2020-06-29,89.66298253574766,1290998
2020-06-30,87.97216047749578,5855920
2020-07-01,94.84217411299795,7367712
2020-07-02,85.70138986914195,45991633
2020-07-03,101.38148228467753,8997043
2020-07-06,98.044698033697,1181360
2020-07-07,89.72662593323496,20221242
2020-07-08,83.43355730874559,20292635
2020-07-09,98.6970576303946,6532410
2020-07-10,91.28522327015784,5138286
2020-07-13,97.97901244765497,49268283
2020-07-14,83.75160319726653,12031669
2020-07-15,88.66249958220888,9333100
2020-07-16,91.62306922454191,7893728
2020-07-17,91.77109259678964,49006403
2020-07-20,89.22708392243483,19904815
2020-07-21,94.53478504524705,28391022
2020-07-22,86.02747931737686,39488026
2020-07-23,90.60067144386555,16697605
2020-07-24,91.86299492263102,29997166
2020-07-27,93.78463830433267,38937226
2020-07-28,94.72344416994149,25100710
2020-07-29,85.49710185630553,41253576
2020-07-30,83.40671931610093,42422223
2020-07-31,97.42470569057485,14099507
2020-08-03,92.65899465732781,13285500
2020-08-04,87.21818439168048,47801033
2020-08-05,98.6816765513948,28428913
2020-08-06,91.47171403276867,39844162
2020-08-07,96.75939282596258,46405132
2020-08-10,91.17222428355592,37793968
2020-08-11,101.11227226751313,34007453
2020-08-12,99.56133008480644,16341821
2020-08-13,89.51810728611785,36880565
2020-08-14,95.60131012405326,32979500
2020-08-17,93.95310369458475,44682501
2020-08-18,97.55440739193452,11538832
2020-08-19,85.87393067324105,34251322
2020-08-20,94.11839178521637,8948140
2020-08-21,95.97214677623501,6720626
2020-08-24,81.8805351108762,14654772
2020-08-25,84.75448130617343,40776146
2020-08-26,80.47350199731196,40929257
2020-08-27,89.32387976717034,39560290
2020-08-28,94.26225243553998,34422637
2020-08-31,98.19234370464235,30168537
2020-09-01,91.05945338888837,9221252
2020-09-02,98.84289547365914,37970303
2020-09-03,83.8125791670086,25774704
2020-09-04,82.2118864380273,22740617
2020-09-07,90.46922856573502,13429667
2020-09-08,92.68793153517571,37421189
2020-09-09,90.62724891199649,27502745
2020-09-10,80.47912374244757,11636547
2020-09-11,90.39885072838226,13743293
2020-09-14,84.35273683212714,40467750
2020-09-15,94.25660861147873,14487010
2020-09-16,92.77693791824879,47206264
2020-09-17,86.28279879229365,31190179
2020-09-18,88.45367508028288,45690216
2020-09-21,85.7703253607442,12416757
2020-09-22,90.79896236175463,28804333
2020-09-23,95.93662587804637,4651387
2020-09-24,86.2834417548803,28270507
2020-09-25,93.78607305129991,45470459
2020-09-28,88.67094089521781,36266104
2020-09-29,87.41688237212236,6905950
2020-09-30,90.90775007561786,4212883
2020-10-01,86.33099191850651,4028631
2020-10-02,88.80591324423507,15218200
2020-10-05,85.65438915892467,15987811
2020-10-06,101.53969352598602,28736989
2020-10-07,91.96735277955119,7423959
2020-10-08,88.37005983819736,44721579
2020-10-09,93.01893152253794,5024733
2020-10-12,91.47043532539826,22636437
2020-10-13,91.01297672684183,44357062
2020-10-14,95.27711920118573,43895286
2020-10-15,96.08500308176714,1019675
2020-10-16,89.73886125403868,26239821
2020-10-19,89.60890740238948,27133385
2020-10-20,91.2121061558511,28164495
2020-10-21,81.17986429197929,41365237
2020-10-22,85.21836447793711,31115806
2020-10-23,99.7362895049778,5464344
2020-10-26,101.23710807070356,48612108
2020-10-27,91.88019759287916,11797637
2020-10-28,96.12403158480132,13310059
2020-10-29,94.91613069549773,1566088
2020-10-30,108.87568451900805,14727532
2020-11-02,99.2033259578489,41113379
2020-11-03,93.09280744923093,11151607
2020-11-04,89.08441274610061,1658003
2020-11-05,85.962380623531,45343121
2020-11-06,95.14720735189867,1805113
2020-11-09,90.48619374655199,10322004
2020-11-10,87.2975200004073,6028035
2020-11-11,91.31954914153255,12551409
2020-11-12,89.2910834033303,21811680
2020-11-13,103.28372694648999,27769370
2020-11-16,99.40819878474726,16433222
2020-11-17,95.11490403080174,36646533
2020-11-18,102.71204104836775,40549566
2020-11-19,95.85950049975628,11347918
2020-11-20,91.32936140678503,27621905
2020-11-23,103.41731019061014,33382711
2020-11-24,98.66493018853186,7208714
2020-11-25,90.95562071699025,45106899
2020-11-26,95.36440928874605,13834263
2020-11-27,92.11504033602999,31647215
2020-11-30,89.75893740843102,13124052
2020-12-01,101.48640134322443,24119273
2020-12-02,106.58794472022272,28758455
2020-12-03,90.23613896177648,44627391
2020-12-04,100.23470250172127,44405476
2020-12-07,94.36028365145302,47389268
2020-12-08,95.37426670905441,29046417
2020-12-09,95.0470740941159,19640452
2020-12-10,93.89098865989617,28512406
2020-12-11,98.65819364022917,46516505
2020-12-14,94.46821734871108,16851428
2020-12-15,100.18536891240159,13155863
2020-12-16,98.79474024195365,44542832
2020-12-17,98.06676019056295,47417810
2020-12-18,94.94196960448399,14981528
2020-12-21,96.81693057745245,41956756
2020-12-22,103.70144822069499,25723448
2020-12-23,102.65548190523923,48847868
2020-12-24,95.49221585091453,21275624
2020-12-25,101.1084349100226,28531424
2020-12-28,104.60316822645791,46620401
2020-12-29,92.7363358193519,6403252
2020-12-30,104.03995541274847,29204739
2020-12-31,98.25248246716448,5151785
2021-01-01,104.66368772916064,47021624
2021-01-04,98.24212952338584,30489478
2021-01-05,93.28437475566413,34354320
2021-01-06,94.42405304867594,24166524
2021-01-07,103.05778072663848,38192252
2021-01-08,104.37416054077698,4284321
2021-01-11,98.81474849497367,18456057
2021-01-12,106.79265907741764,49515114
2021-01-13,95.55803299540773,23197928
2021-01-14,103.80373174360774,45882342
2021-01-15,98.3500973838537,21229717
2021-01-18,101.41958477723568,9433840
2021-01-19,105.19187373038106,16140449
2021-01-20,100.93144533033762,16463365
2021-01-21,103.59187131168592,32770093
2021-01-22,110.82974318317714,23229189
2021-01-25,103.19993102548578,14609569
2021-01-26,110.5514309742699,2379904
2021-01-27,101.01547243019374,30014857
2021-01-28,109.60650734703553,41907604
2021-01-29,114.46123976799312,2437188
2021-02-01,95.19350158769758,36210753
2021-02-02,103.86797898963725,35093077
2021-02-03,111.04093715198297,27737775
2021-02-04,107.44584699884228,17374601
2021-02-05,110.62466274556132,40387233
2021-02-08,106.05921458487278,12218063
2021-02-09,109.82462972106934,24689071
2021-02-10,108.92815321623924,31224818
2021-02-11,115.86261165867374,45446332
2021-02-12,111.61525566126964,41104523
2021-02-15,112.35288756378348,25567790
2021-02-16,108.9294693116753,11999077
2021-02-17,108.87704414741457,41925115
2021-02-18,109.48073063901381,27263177
2021-02-19,113.94643752677383,40993954
2021-02-22,110.20210211044088,22825215
2021-02-23,114.09092229441998,22595966
2021-02-24,123.35623442508368,38026182
2021-02-25,117.67417822775046,37319763
2021-02-26,112.02988591669154,9976766
2021-03-01,120.00962917757475,37185155
2021-03-02,112.30882815155738,29997485
2021-03-03,104.5062993957303,18642355
2021-03-04,110.00626112900605,17152789
2021-03-05,106.0445390087236,10967246
2021-03-08,113.9947540144459,8543159
2021-03-09,116.20023442689046,6384935
2021-03-10,124.8481296634773,13155092
2021-03-11,118.46034103249715,15514254
2021-03-12,116.09190390510942,20678933
2021-03-15,121.69805881765032,24063155
2021-03-16,106.86088118108603,49118363
2021-03-17,119.46204008091102,24593741
2021-03-18,122.50756569708743,19988954
2021-03-19,111.63142375927168,40247228
2021-03-22,125.1160630670125,3639929
2021-03-23,121.46451496334089,4133211
2021-03-24,118.07211508576907,28434009
2021-03-25,123.6907466466946,48698800
2021-03-26,132.26032431100134,25217665
2021-03-29,122.19793299986156,12616152
2021-03-30,122.91314414764365,2726199
2021-03-31,119.76035263353778,47413053
2021-04-01,118.194706101393,13756935
2021-04-02,126.984011076468,6071915
2021-04-05,118.94192831028222,33005216
2021-04-06,123.97178349690554,1443945
2021-04-07,121.61883724911435,7310114
2021-04-08,126.79674081564931,3276787
2021-04-09,126.46639203638986,42245272
2021-04-12,130.38352111915606,30018490
2021-04-13,123.04495666288479,24278769
2021-04-14,124.64633578067205,43893202
2021-04-15,121.50399525312527,16342276
2021-04-16,124.57985938275486,49754994
2021-04-19,129.09272524614113,35829066
2021-04-20,131.3974248504466,3755063
2021-04-21,123.4092525365204,34091145
2021-04-22,132.7770209430818,2228807
2021-04-23,135.6173838856493,26288599
2021-04-26,131.31783956981266,33134440
2021-04-27,139.04735782294293,47457316
2021-04-28,126.20836563141606,42156180
2021-04-29,124.26916594019532,5463158
2021-04-30,122.01513669682836,9803208
2021-05-03,138.80640422119842,23958638
2021-05-04,135.01657738231006,36823502
2021-05-05,131.88648926956787,38967791
2021-05-06,133.98499163661856,28199725
2021-05-07,127.37948667768485,8640167
2021-05-10,145.65849782333444,20608785
2021-05-11,134.49964742680885,8322153
2021-05-12,134.82529154829857,44391803
2021-05-13,138.33287401550803,37073939
2021-05-14,137.53573234560852,48009221
2021-05-17,136.67764819155113,43023297
2021-05-18,132.034268807366,19303750
2021-05-19,138.7732414739034,18601359
2021-05-20,146.25610074288298,17001900
2021-05-21,144.00395133553252,29180762
2021-05-24,145.6744255837201,49445041
2021-05-25,135.58479807383023,31284261
2021-05-26,133.6259531090671,1371616
2021-05-27,138.37883413579746,19737371
2021-05-28,139.72084955373793,10163766
2021-05-31,145.3482774674807,19546183
2021-06-01,131.85070407367851,15451300
2021-06-02,148.3970724115622,34833647
2021-06-03,140.3961348843925,3843236
2021-06-04,139.4891562357396,13126467
2021-06-07,137.00093418710722,8379933
2021-06-08,134.2255480292251,26439173
2021-06-09,147.0545140135418,23931189
2021-06-10,143.7445085055056,32853087
2021-06-11,137.36777306822864,36515016
2021-06-14,137.7822173391414,29898827
2021-06-15,143.01906944950542,24000970
2021-06-16,153.4838037793581,23362925
2021-06-17,144.28173738014112,31781302
2021-06-18,138.505245421769,18355904
2021-06-21,145.23375224804738,5226156
2021-06-22,145.54057167352678,28640477
2021-06-23,133.86166605604228,42537804
2021-06-24,147.51669568592965,46145249
2021-06-25,147.0757023041626,42682179
2021-06-28,152.15371908205242,30754469
2021-06-29,158.35986056878605,48384057
2021-06-30,155.19035177089054,25114910
2021-07-01,148.65555654722587,26698550
2021-07-02,144.90984383313994,21729471
2021-07-05,163.75171892218998,3592536
2021-07-06,151.6234049120871,45918675
2021-07-07,151.83927150435875,29466841
2021-07-08,152.09120454593128,6504381
2021-07-09,153.64432453308913,18296381
2021-07-12,152.3740084181152,21218082
2021-07-13,150.66922239712173,38432795
2021-07-14,151.24474510643856,29190067
2021-07-15,154.25653951196085,41990129
2021-07-16,152.14417999142003,6898885
2021-07-19,151.73777814065812,31570706
2021-07-20,156.27453993900002,42156155
2021-07-21,154.90753634596183,8946155
2021-07-22,164.14204627334988,16850872
2021-07-23,143.8064898643028,11384778
2021-07-26,162.9577028710584,46831617
2021-07-27,164.16896989908014,40242670
2021-07-28,148.0094872524826,48428971
2021-07-29,157.10038765231084,27371947
2021-07-30,157.39347485576192,7703560
2021-08-02,152.64941430415828,19562775
2021-08-03,156.2335966869197,43251489
2021-08-04,155.00489578037642,30012949
2021-08-05,169.7535834808224,1533634
2021-08-06,166.10441475537732,21709963
2021-08-09,168.21689901898466,31421467
2021-08-10,165.89986786969308,43133277
2021-08-11,157.07789003915624,9102873
2021-08-12,160.5314204080933,43799087
2021-08-13,166.0309731179162,39178068
2021-08-16,157.9027198709477,16325339
2021-08-17,168.0067640807065,39888665
2021-08-18,163.66768682228437,30581501
2021-08-19,163.42185506623744,2406368
2021-08-20,169.2764822657434,24618516
2021-08-23,168.3677750404975,6785267
2021-08-24,164.76543124565427,19001960
2021-08-25,172.78971710264457,23747442
2021-08-26,162.0095348569811,17150865
2021-08-27,170.91526541060117,19908234
2021-08-30,171.2207571893022,46194168
2021-08-31,167.12608513967754,38043861
2021-09-01,170.72192716986086,16866128
2021-09-02,163.2519926613211,41032875
2021-09-03,174.5428234691006,11897034
2021-09-06,169.41211055763245,45474126
2021-09-07,168.1357198437107,18071962
2021-09-08,176.40585153755993,40265186
2021-09-09,168.0492902047327,6432019
2021-09-10,164.93761436077372,22130108
2021-09-13,164.60437236516066,19479375
2021-09-14,175.82382697581133,11392034
2021-09-15,166.79652755438323,17394487
2021-09-16,182.376157077885,31671003
2021-09-17,163.5946425034425,43066990
2021-09-20,182.8872431842917,13912550
2021-09-21,175.85926593814654,47737861
2021-09-22,174.7183529306929,37204667
2021-09-23,172.8735628790379,32643648
2021-09-24,177.98855608882042,39294471
2021-09-27,176.19787417706718,44683574
2021-09-28,182.29416197025608,10693374
2021-09-29,177.73880624956345,29563971
2021-09-30,178.30758085859244,31114233
2021-10-01,176.12478180769173,37230949
2021-10-04,178.0432306652527,5307086
2021-10-05,180.2504071198912,41885438
2021-10-06,170.54229801473755,26793044
2021-10-07,172.73223557330826,9329442
2021-10-08,183.5677658148405,31371444
2021-10-11,181.08229426477092,9831924
2021-10-12,179.68279046725874,40722995
2021-10-13,181.0678146771561,4456653
2021-10-14,183.08466879915576,2888806
2021-10-15,179.01723430808502,46187464
2021-10-18,178.191918646863,31912354
2021-10-19,183.42819536375552,38516108
2021-10-20,177.9207295627711,36314894
2021-10-21,185.21555961489602,45181713
2021-10-22,175.02113887670995,44566194
2021-10-25,189.0376356556855,5058848
2021-10-26,186.6106659774128,1809178
2021-10-27,185.8816500577165,7934106
2021-10-28,189.86676223613452,42040759
2021-10-29,193.63045015069335,20339821
2021-11-01,190.7226453084255,32066661
2021-11-02,176.79206927658674,35275469
2021-11-03,179.94211158879077,23284899
2021-11-04,183.55735240092963,29398068
2021-11-05,187.1512248191977,17530109
2021-11-08,189.9462470924077,24195170
2021-11-09,184.06425641969048,28965074
2021-11-10,188.95965700750304,35575901
2021-11-11,184.57956376012146,24533566
2021-11-12,185.62733571726324,6779277
2021-11-15,181.97784037347125,45324346
2021-11-16,184.718959516038,3892371
2021-11-17,182.89842552715479,11200944
2021-11-18,185.09693238473864,47276888
2021-11-19,195.56166958983957,24747415
2021-11-22,185.86132477213545,11539669
2021-11-23,204.08276980573507,20599352
2021-11-24,193.6976561256997,48108178
2021-11-25,192.46310668941712,18292909
2021-11-26,187.55263458301368,20413938
2021-11-29,195.64909413005532,18016233
2021-11-30,189.5700867804771,35496200
2021-12-01,193.35665240852322,49687387
2021-12-02,205.84293623388487,11228691
2021-12-03,192.8556937978949,42598278
2021-12-06,199.3733962174842,35020414
2021-12-07,190.399727501269,34827578
2021-12-08,194.02677841041026,14907579
2021-12-09,203.3393541453425,6453174
2021-12-10,191.6316525543038,7124152
2021-12-13,204.10736241618568,2164795
2021-12-14,198.85999436103089,44332370
2021-12-15,192.78248773786268,14767053
2021-12-16,199.02790795843327,3409381
2021-12-17,200.99713894138114,47695860
2021-12-20,199.50935302755522,41580924
2021-12-21,188.812544780052,26086627
2021-12-22,193.28876608870613,12959207
2021-12-23,195.9450508289109,33293149
2021-12-24,197.06606761640802,21060832
2021-12-27,200.79457522876663,1077175
2021-12-28,198.83007969856783,12074355
2021-12-29,191.51258382025466,19856024
2021-12-30,200.3353879931361,20789002
2021-12-31,201.72977427557032,2558242
2022-01-03,201.7155900146965,33648168
2022-01-04,204.55767101817412,14074362
2022-01-05,203.55783738986807,38873885
2022-01-06,201.91590832123492,22725224
2022-01-07,199.49827547558945,6445315
2022-01-10,191.77070324085383,9552442
2022-01-11,202.4473038653688,10618395
2022-01-12,201.55865052112355,37566791
2022-01-13,202.09639376108188,10714177
2022-01-14,194.5703263316991,10805436
2022-01-17,195.7616325144563,8204776
2022-01-18,206.64279633589825,20986039
2022-01-19,201.3866387302117,6051646
2022-01-20,205.1965609785679,4625654
2022-01-21,202.13254816534206,1285711
2022-01-24,202.33888706960087,23055388
2022-01-25,207.07792253281784,44066429
2022-01-26,199.99992004064475,18353135
2022-01-27,203.25162705383275,15689949
2022-01-28,200.64776203860274,32385867
2022-01-31,200.9720052572722,21108322
2022-02-01,201.78120331940409,10241354
2022-02-02,204.61753725521476,48513151
2022-02-03,201.29015421251853,34976813
2022-02-04,210.13692913924507,47597588
2022-02-07,199.5565835187939,25999678
2022-02-08,203.26395197493136,12059860
2022-02-09,202.1655622952028,5900164
2022-02-10,211.76223046025046,10909551
2022-02-11,205.67045352864025,14952275
2022-02-14,210.00445545995836,7336356
2022-02-15,197.57219813481515,23456258
2022-02-16,206.48723255821915,18178283
2022-02-17,209.74933055671488,24871392
2022-02-18,205.8590063836319,14704180
2022-02-21,210.9186133269311,1460796
2022-02-22,203.14561027652462,42295048
2022-02-23,212.91684802836534,15503356
2022-02-24,217.4998783932774,6994376
2022-02-25,204.323692248699,40412770
2022-02-28,204.04009198636138,5989904
2022-03-01,213.6614709849125,10392609
2022-03-02,214.41658025192172,18089239
2022-03-03,204.02581994145362,12594207
2022-03-04,204.65781914499823,40824448
2022-03-07,205.46569916503643,41875015
2022-03-08,200.26547794163145,8822636
2022-03-09,202.50482209982383,30851990
2022-03-10,202.1849763773098,37732334
2022-03-11,203.47154205882217,18532327
2022-03-14,207.2392109214568,20097931
2022-03-15,208.68307505706974,20012021
2022-03-16,215.36113547197905,49568493
2022-03-17,202.71076526477543,36453486
2022-03-18,212.71532629141427,36104616
2022-03-21,206.8122310543645,9153113
2022-03-22,207.72060587788542,37827955
2022-03-23,211.42506549196617,26254492
2022-03-24,202.51770251402823,46562388
2022-03-25,210.1210137112277,28090738
2022-03-28,209.11619317966122,34269285
2022-03-29,210.81847769817182,33436728
2022-03-30,209.8716834485681,14136003
2022-03-31,220.7692971689511,20547958
2022-04-01,205.36839820335277,29748123
2022-04-04,205.96376869155682,45988955
2022-04-05,205.56206838079615,41850837
2022-04-06,205.95677393048805,24623755
2022-04-07,205.6009923769094,15139308
2022-04-08,214.7841683799976,9659522
2022-04-11,215.9901633918288,26528279
2022-04-12,206.07987556106363,30639841
2022-04-13,204.81521246751248,18811802
2022-04-14,211.3748800580016,40594934
2022-04-15,206.29493809083058,27912512
2022-04-18,212.256413221449,15319175
2022-04-19,210.13953076960513,40101526
2022-04-20,201.57682849906763,4100581
2022-04-21,216.92119176400334,37216069
2022-04-22,218.18866571301064,4672277
2022-04-25,206.16845225709886,19861720
2022-04-26,207.31452514010198,13545745
2022-04-27,210.70052831882145,11643344
2022-04-28,210.95919749185205,37575804
2022-04-29,212.5929036175615,17077579
2022-05-02,219.36204320704226,45331269
2022-05-03,208.43470541836754,5854042
2022-05-04,205.3339726207476,20248594
2022-05-05,202.4324899205342,49057723
2022-05-06,205.67568691417793,4830121
2022-05-09,209.16359126612866,12951552
2022-05-10,218.29855677459713,14838428
2022-05-11,206.73191916283207,19130540
2022-05-12,210.4308052729703,37926887
2022-05-13,209.21933754349465,5268173
2022-05-16,215.23071676296763,7034722
2022-05-17,221.9084381827091,43812847
2022-05-18,206.6022007661169,24787347
2022-05-19,206.78987475889568,17611127
2022-05-20,214.43617851275494,5070028
2022-05-23,212.60092480502834,25728252
2022-05-24,218.39890475217476,24647205
2022-05-25,212.05673402098637,45607536
2022-05-26,207.31019868476034,33916781
2022-05-27,212.02735747967938,12260784
2022-05-30,214.58290082845133,2369277
2022-05-31,213.10498630855696,23299783
2022-06-01,211.50004857445415,24499306
2022-06-02,214.2560832781667,1749971
2022-06-03,214.72616563673344,16711072
2022-06-06,215.7454251756906,47109273
2022-06-07,212.03110530390927,42776934
2022-06-08,207.90289283434416,25527188
2022-06-09,209.42099956319456,5460276
2022-06-10,214.66696336825194,42011120
2022-06-13,204.49478626155425,27507881
2022-06-14,210.36595526453345,43428797
2022-06-15,206.49711631039725,28445000
2022-06-16,208.54687338872307,18962327
2022-06-17,214.73288461605875,39516260
2022-06-20,209.23175384886113,15226224
2022-06-21,208.4422518529931,34034792
2022-06-22,201.3427967986795,25509968
2022-06-23,211.80357207056858,20170135
2022-06-24,211.22819095150535,2500948
2022-06-27,218.7437694227688,7327090
2022-06-28,206.3136113951444,21885050
2022-06-29,208.8715631829139,32834022
2022-06-30,208.9443625143086,40391628
2022-07-01,215.50468814335193,16226559
2022-07-04,207.05928850382767,37257426
2022-07-05,208.847606814792,28870540
2022-07-06,210.40712532979867,33434302
2022-07-07,208.2142646911241,40112237
2022-07-08,204.9610822648699,39456876
2022-07-11,208.07420894533396,17969728
2022-07-12,212.38092630848752,48718418
2022-07-13,201.78772226909905,21491595
2022-07-14,207.491223803166,32175239
2022-07-15,203.23041644909554,6845447
2022-07-18,212.60949028357473,47847988
2022-07-19,198.92017398350785,36103852
2022-07-20,203.64198875102343,12737532
2022-07-21,208.221808438773,49491820
2022-07-22,214.06120549073478,9312934
2022-07-25,205.80137925638476,4900379
2022-07-26,203.24941093247173,38358841
2022-07-27,215.3252286729399,12353540
2022-07-28,198.57218942313207,7722055
2022-07-29,194.70984977855207,16056024
2022-08-01,207.79440179357948,49968538
2022-08-02,202.97336216540467,10035949
2022-08-03,200.2656512309846,19298198
2022-08-04,208.8006824958122,33672748
2022-08-05,206.36391641352978,7281646
2022-08-08,202.20948474809057,40980720
2022-08-09,198.51229836360383,44144878
2022-08-10,209.1590518729343,29751505
2022-08-11,207.92974352924318,22958593
2022-08-12,204.06388346607014,39835523
2022-08-15,213.6730509405526,38962717
2022-08-16,198.96864871171064,15945952
2022-08-17,196.5697821405383,14363838
2022-08-18,200.61535750838263,28550115
2022-08-19,203.7236376699846,42566801
2022-08-22,205.0441406203834,12044590
2022-08-23,202.49637020498048,12633575
2022-08-24,205.3371919376283,6059667
2022-08-25,197.1928655459884,42645168
2022-08-26,210.5423426276289,37540128
2022-08-29,202.78505592555868,9826233
2022-08-30,208.6539445588883,37855538
2022-08-31,204.6521332519672,48336078
2022-09-01,205.09272749009875,19149286
2022-09-02,205.5276926987202,28596545
2022-09-05,204.78676035571416,24498524
2022-09-06,205.63068534329167,30184104
2022-09-07,208.93120733572786,26018569
2022-09-08,203.13596929465243,11930625
2022-09-09,205.56587312451396,22227468
2022-09-12,201.4392654340226,44513097
2022-09-13,208.95524481643815,10249677
2022-09-14,198.23906394865554,48657169
2022-09-15,210.49177288280856,31223477
2022-09-16,201.1520314472424,28327176
2022-09-19,194.06442810573122,14737336
2022-09-20,201.72406677601552,23432851
2022-09-21,197.54331292655678,49032410
2022-09-22,205.0166276766475,29373620
2022-09-23,197.41496775368097,17938661
2022-09-26,198.31171401368942,4834242
2022-09-27,190.95936368851403,12671439
2022-09-28,198.00989137717997,30584733
2022-09-29,188.0163282774458,7494503
2022-09-30,192.0804858825714,33266497
2022-10-03,203.66634837013092,32707048
2022-10-04,203.65757781982876,1684029
2022-10-05,201.72022046568313,6337355
2022-10-06,194.62248810459056,49761066
2022-10-07,199.08335556909714,7981440
2022-10-10,199.16857737284326,27918198
2022-10-11,193.25960534010608,38554126
2022-10-12,206.43344680737417,17684388
2022-10-13,203.1685078365569,48878717
2022-10-14,197.54235793038754,45768534
2022-10-17,198.64735847671815,19138519
2022-10-18,199.42088858078586,21978981
2022-10-19,188.0366669186877,8964443
2022-10-20,196.87616918193825,22444021
2022-10-21,194.5692244234396,35751594
2022-10-24,192.83853650438027,35600593
2022-10-25,196.30905385050454,5688482
2022-10-26,206.57136109029366,42902454
2022-10-27,200.65599675070746,49465992
2022-10-28,194.46524875352685,41538036
2022-10-31,200.05395251245093,11168293
2022-11-01,204.0582706628513,34222265
2022-11-02,201.55570301361615,39309051
2022-11-03,197.10234003207933,33337259
2022-11-04,193.4417965042095,7465377
2022-11-07,200.0405539011273,40683871
2022-11-08,198.39051197205194,43616258
2022-11-09,200.7734156058765,5902059
2022-11-10,199.34841563463985,45604238
2022-11-11,201.29619582483454,41162344
2022-11-14,193.24892608440828,40128126
2022-11-15,202.38956233300962,23005782
2022-11-16,196.66892548012058,28345255
2022-11-17,205.93643840281203,18496623
2022-11-18,191.99429812458513,46858810
2022-11-21,204.0010813763764,32457080
2022-11-22,196.19278868577968,11569315
2022-11-23,191.82908962496947,11089851
2022-11-24,192.55069292795415,4887008
2022-11-25,193.25335061435453,44755415
2022-11-28,196.86192947269413,46570487
2022-11-29,197.2423621235393,41279707
2022-11-30,191.64786669313935,38170084
2022-12-01,194.28389749538226,22970950
2022-12-02,205.0074722314068,9457411
2022-12-05,202.82545692529024,10137344
2022-12-06,196.2621750226332,40275054
2022-12-07,194.16460882490324,43188444
2022-12-08,194.4700260718416,7933705
2022-12-09,196.834004519089,23322619
2022-12-12,188.55028811055757,17794513
2022-12-13,192.27651932550188,29820898
2022-12-14,185.12097112318537,47705646
2022-12-15,195.36185847407592,40564766
2022-12-16,196.5049591747223,45969434
2022-12-19,190.75769225607146,15512253
2022-12-20,200.94963505029577,10615754
2022-12-21,186.8584041257996,33254832
2022-12-22,185.57436661810846,23529829
2022-12-23,193.92900875517728,15557759
2022-12-26,197.95427243771846,23414241
2022-12-27,201.05199567607335,10004471
2022-12-28,190.25307949971497,16723723
2022-12-29,197.85763800139404,4765056
2022-12-30,192.19003590796186,4325315
2023-01-02,191.43941940454104,48715952
2023-01-03,196.64248814283917,15067121
2023-01-04,195.40911182215766,6217092
2023-01-05,184.19054340883724,42819037
2023-01-06,199.38193170282946,38375319
2023-01-09,198.8281525303048,24429562
2023-01-10,188.7301089888733,3846274
2023-01-11,193.76894855497468,47782538
2023-01-12,194.19389242265203,47338604
2023-01-13,192.96274352609726,40542531
2023-01-16,188.84532495672389,24846553
2023-01-17,188.17807278827564,34268890
2023-01-18,191.34964092487382,25649133
2023-01-19,197.2841804798064,17159082
2023-01-20,194.083582237262,34931226
2023-01-23,189.4594972085415,17213225
2023-01-24,195.12001031731324,21655666
2023-01-25,176.96973103088854,34187633
2023-01-26,196.90919828135756,4033349
2023-01-27,182.4217434216044,27687290
2023-01-30,189.26508546276338,28646076
2023-01-31,185.4379721079516,24184270
2023-02-01,184.52401721882535,15930164
2023-02-02,196.76475101135583,35337309
2023-02-03,188.58741066722274,22680041
2023-02-06,192.62586026995794,41622564
2023-02-07,190.6283040112475,32590521
2023-02-08,193.219836012621,30051004
2023-02-09,191.19264209840446,48339044
2023-02-10,184.36966475164755,12999401
2023-02-13,195.74426212574892,7299492
2023-02-14,188.27467245347492,23576162
2023-02-15,182.94331445336024,29465797
2023-02-16,188.5706737994432,40483075
2023-02-17,198.2023469293131,46024017
2023-02-20,194.93924319579162,44279132
2023-02-21,188.93676366994777,31732364
2023-02-22,188.92794402139964,35404782
2023-02-23,189.0625986134154,48069821
2023-02-24,201.05340280391667,46148268
2023-02-27,192.58059120055088,9556255
2023-02-28,192.8247493925155,34989909
2023-03-01,195.83197571432146,44626563
2023-03-02,191.88292528192204,49786500
2023-03-03,189.40460701669917,40206376
2023-03-06,189.73133721265816,30362480
2023-03-07,190.37079233773275,5327308
2023-03-08,190.5608558776689,45903073
2023-03-09,194.40575200866408,24729530
2023-03-10,191.05045208150344,45771670
2023-03-13,194.47953462872485,13633010
2023-03-14,190.4408680254033,24442985
2023-03-15,191.26826028623182,41093087
2023-03-16,180.91724244466803,26291884
2023-03-17,195.52558506127698,31596658
2023-03-20,192.71464010342038,23745849
2023-03-21,196.01306021626462,47267888
2023-03-22,176.5851160792205,32981908
2023-03-23,201.5542313720241,24675262
2023-03-24,190.46296613476432,20854315
2023-03-27,196.75298607024558,3844180
2023-03-28,186.066310838083,12010186
2023-03-29,194.38609851239283,47530918
2023-03-30,186.1141687175658,16148530
2023-03-31,188.3240570719116,39620544
2023-04-03,201.0773602999373,11061403
2023-04-04,190.62074776715426,21871102
2023-04-05,192.73094298776752,29105186
2023-04-06,196.06640651484784,43505100
2023-04-07,194.26944445955556,6301358
2023-04-10,192.62078190387817,19283361
2023-04-11,193.77383698119797,20425418
2023-04-12,204.0491535000438,18970147
2023-04-13,191.82973073934002,48905202
2023-04-14,193.21178093454344,5889084
2023-04-17,197.55073651156866,41687888
2023-04-18,197.91899665688123,1871522
2023-04-19,198.4231501334148,23826747
2023-04-20,195.78101575175526,16523665
2023-04-21,186.9744455520048,30538040
2023-04-24,200.96147745043535,49410263
2023-04-25,187.17019120266175,49470777
2023-04-26,194.52544682939234,36736338
2023-04-27,189.35399854056425,20382100
2023-04-28,192.92055503655752,32607303
2023-05-01,195.00369197429745,36259675
2023-05-02,195.08806655398323,38829124
2023-05-03,195.71505517185244,30188752
2023-05-04,201.80095175192804,34327716
2023-05-05,196.12978645667263,3975605
2023-05-08,192.77382904836563,39653586
2023-05-09,198.95032501400436,32664126
2023-05-10,200.2152999175967,47831679
2023-05-11,188.2707494727107,14763700
2023-05-12,197.5394139119945,24066465
2023-05-15,198.2046871329568,15573834
2023-05-16,193.3602012543272,42707317
2023-05-17,201.8785340665581,10176748
2023-05-18,194.40448930222217,23941230
2023-05-19,195.94020262127532,46501579
2023-05-22,194.60729984009888,29911861
2023-05-23,195.71367765133368,25276628
2023-05-24,190.32031436978585,40770506
2023-05-25,188.7701255571371,11511846
2023-05-26,204.1143768047474,47669316
2023-05-29,192.08129593757243,39143159
2023-05-30,191.53616985567228,44562003
2023-05-31,185.90598549523412,9978989
2023-06-01,193.6607048671187,14792249
2023-06-02,190.42541255083458,29098059
2023-06-05,205.439052631554,4683909
2023-06-06,202.4689417649816,36094032
2023-06-07,194.17274477117357,42019538
2023-06-08,209.07207265459945,20847987
2023-06-09,202.9178711502682,18920863
2023-06-12,196.58678559075216,33453189
2023-06-13,185.91855692613714,46554686
2023-06-14,210.07768079371996,24933622
2023-06-15,191.88522244968442,2416953
2023-06-16,190.81893705441487,31250211
2023-06-19,204.37435258494318,20471461
2023-06-20,211.67854994638836,30288010
2023-06-21,206.6221513228467,1421280
2023-06-22,202.74403769182805,1909245
2023-06-23,203.1246676754438,16993238
2023-06-26,204.6470698688088,49427722
2023-06-27,204.40641633181028,35147064
2023-06-28,202.25218972944586,13425714
2023-06-29,201.60436774471808,30920720
2023-06-30,201.01018881135118,27638002
2023-07-03,197.79577831756035,17439220
2023-07-04,200.40731900186094,13259034
2023-07-05,193.5936412351215,6730385
2023-07-06,201.817087125013,26580123
2023-07-07,197.6188097023372,36935918
2023-07-10,197.29940940725274,48368963
2023-07-11,203.975018787937,42722758
2023-07-12,210.2963430522187,13550508
2023-07-13,208.19127981354237,34214626
2023-07-14,196.0131302886366,44860083
2023-07-17,199.18599005399264,14605804
2023-07-18,209.10903432260707,8085904
2023-07-19,199.76632834855494,14824880
2023-07-20,203.83171462381384,7699744
2023-07-21,207.98377265188014,11587999
2023-07-24,200.67292675851687,26801543
2023-07-25,206.32515666783476,37355877
2023-07-26,199.41426289851051,26974082
2023-07-27,203.3661321941881,47467514
2023-07-28,208.26291637419453,45807180
2023-07-31,198.99251778980076,12953070
2023-08-01,209.4557703545056,7839789
2023-08-02,207.45353509370062,9570556
2023-08-03,210.61490503907538,20360030
2023-08-04,209.2751471864036,15994127
2023-08-07,215.28177607892647,35761183
2023-08-08,209.3950558919443,32707157
2023-08-09,206.93211281282564,1953692
2023-08-10,210.0031682988663,17994986
2023-08-11,212.42302953838163,22614133
2023-08-14,210.26800170200323,41523561
2023-08-15,210.546109900783,33401727
2023-08-16,207.1549158143737,11825853
2023-08-17,207.67434955453285,17515348
2023-08-18,204.30204890877854,32343819
2023-08-21,220.39140529404662,33479425
2023-08-22,205.75486063792593,23687400
2023-08-23,208.84249852556263,33555703
2023-08-24,209.05001168209193,19567224
2023-08-25,217.45385231657875,39067502
2023-08-28,211.8438063191319,27504354
2023-08-29,219.89871394089946,22244167
2023-08-30,210.6361064455357,45124953
2023-08-31,215.74417582778415,2478768
2023-09-01,210.52018680532078,10953821
2023-09-04,225.77243832246003,16008832
2023-09-05,209.46050651870533,26853976
2023-09-06,217.3014249857876,34957412
2023-09-07,219.2770269356032,27204160
2023-09-08,218.53493858935838,29044174
2023-09-11,215.8992658692878,10557540
2023-09-12,216.53830305048663,25334476
2023-09-13,217.77008827162845,15722791
2023-09-14,217.18154771798302,15163844
2023-09-15,223.10336287434274,41487099
2023-09-18,229.70585473560934,10837695
2023-09-19,216.2368960631317,3108542
2023-09-20,212.5482779530825,41476928
2023-09-21,219.33062268411254,10326243
2023-09-22,233.04710134354465,19163905
2023-09-25,216.50846447631454,46759166
2023-09-26,229.1024440491997,46010023
2023-09-27,229.6771057949513,37400662
2023-09-28,218.904100007602,14970696
2023-09-29,224.90207252716542,19895649
2023-10-02,230.58591106435966,6553535
2023-10-03,220.93669328880935,4678621
2023-10-04,222.20444563931474,39111198
2023-10-05,220.70554774106532,16074661
2023-10-06,218.93334082947558,40781450
2023-10-09,221.1554539615873,22777762
2023-10-10,218.67838017614383,10686599
2023-10-11,225.3662387391627,7971138
2023-10-12,221.7451725018653,31450573
2023-10-13,227.16464001609265,49791739
2023-10-16,218.6183356010187,44757228
2023-10-17,228.45572684420773,45050399
2023-10-18,231.37386758896153,43161441
2023-10-19,217.6438035543626,27150956
2023-10-20,229.89036200664637,9547900
2023-10-23,234.56733630492,31885970
2023-10-24,222.79098949816853,30856890
2023-10-25,237.61352698788266,42099621
2023-10-26,231.75847380698286,12556367
2023-10-27,226.5522523481419,43406977
2023-10-30,230.2135940684639,16275664
2023-10-31,233.70037250395836,3681206
2023-11-01,231.7062096208146,34742203
2023-11-02,234.4385290627716,18014415
2023-11-03,227.56104465872332,41844645
2023-11-06,233.4319526251998,15392507
2023-11-07,225.93835942965177,20634497
2023-11-08,232.8736076185068,45675521
2023-11-09,229.3340033096088,31000601
2023-11-10,230.60066786232528,46545655
2023-11-13,240.88450677206677,35305950
2023-11-14,240.5872367898963,18290529
2023-11-15,238.60391867469139,46874626
2023-11-16,230.52507726122974,29380039
2023-11-17,234.83385743974944,49383190
2023-11-20,242.91146676040375,32581133
2023-11-21,237.98543567295715,3332214
2023-11-22,249.30514015043158,28496053
2023-11-23,240.10746565295798,39636252
2023-11-24,239.53422279281017,23043878
2023-11-27,237.46218641528318,34015348
2023-11-28,240.10992951620585,32263040
2023-11-29,239.11497069322323,10042832
2023-11-30,243.85357060569555,3250397
2023-12-01,245.53283239823205,44942324
2023-12-04,237.25622707474773,11390284
2023-12-05,234.96739681768787,42846292
2023-12-06,232.88042919789157,43397458
2023-12-07,245.03978802311667,31891320
2023-12-08,237.4218280628628,42280792
2023-12-11,232.61346570480117,2472542
2023-12-12,245.76047058958875,5473014
2023-12-13,256.7226087866234,14245462
2023-12-14,244.66763838825662,33463391
2023-12-15,249.33115002516936,4529801
2023-12-18,245.988840929697,34242121
2023-12-19,245.52651192140382,39362595
2023-12-20,251.05784998341596,34424949
2023-12-21,245.4528168013219,40839283
2023-12-22,248.68306084110964,47137503
2023-12-25,249.3966590494988,46756273
2023-12-26,244.88992268699073,33455693
2023-12-27,253.63289900566795,44154609
2023-12-28,248.24028131058228,47504347
2023-12-29,245.77880082568757,2195885
2024-01-01,252.682549217852,44099123
